Date,Adj Close,Close,High,Low,Open,Volume,Asset,Daily Return
2015-12-03,59.129764556884766,80.70999908447266,81.1500015258789,80.68000030517578,81.1500015258789,2510600,BND,-0.7745233363435688
2016-11-09,61.53803253173828,82.0999984741211,82.61000061035156,82.0199966430664,82.5,3448800,BND,-0.9889046224452525
2018-05-29,62.35905075073242,79.68000030517578,79.77999877929688,79.26000213623047,79.27999877929688,2414400,BND,0.695062644822797
2020-03-06,72.60249328613281,87.95999908447266,88.26000213623047,87.66000366210938,88.20999908447266,10176200,BND,0.6868114353584254
2020-03-10,71.47167205810547,86.58999633789062,87.69000244140625,86.58999633789062,87.44000244140625,14177600,BND,-1.3444233226696856
2020-03-11,70.11804962158203,84.94999694824219,87.23999786376953,84.87000274658203,86.77999877929688,10511600,BND,-1.8939825141565447
2020-03-12,66.30464935302734,80.33000183105469,84.88999938964844,76.48999786376953,83.4800033569336,16986900,BND,-5.43848767881927
2020-03-13,69.1027603149414,83.72000122070312,84.44999694824219,81.5,81.69000244140625,14137500,BND,4.220091264006287
2020-03-16,69.82915496826172,84.5999984741211,84.6500015258789,79.51000213623047,81.31999969482422,8411000,BND,1.051119494250985
2020-03-17,68.38467407226562,82.8499984741211,84.72000122070312,82.79000091552734,83.55000305175781,13629700,BND,-2.068557956931072
2020-03-18,66.73387908935547,80.8499984741211,82.66999816894531,80.30999755859375,81.44000244140625,10076800,BND,-2.4140012514601517
2020-03-20,67.82337951660156,82.16999816894531,82.55000305175781,80.69000244140625,80.69999694824219,8864500,BND,1.6955384473314128
2020-03-23,69.32563018798828,83.98999786376953,83.98999786376953,81.19999694824219,81.20999908447266,10973300,BND,2.2149199651705143
2020-03-25,70.3326416015625,85.20999908447266,85.6500015258789,84.13999938964844,84.13999938964844,9655500,BND,1.3439548392119693
2020-03-31,70.44817352294922,85.3499984741211,86.41999816894531,85.3499984741211,86.25,8523900,BND,-0.9286164104332584
2020-04-09,72.36739349365234,87.4800033569336,87.4800033569336,86.75,86.75,5070700,BND,1.0978904322647587
2020-11-04,73.83595275878906,88.12999725341797,88.19000244140625,88.0,88.06999969482422,5667400,BND,0.6854775305480842
2021-02-25,71.84746551513672,85.19999694824219,85.66000366210938,84.91999816894531,85.5999984741211,9956100,BND,-0.8726003800228588
2021-02-26,72.4715347290039,85.94000244140625,85.94000244140625,85.30000305175781,85.56999969482422,8580200,BND,0.8685510794250506
2021-11-10,73.00152587890625,85.30999755859375,85.7699966430664,85.19999694824219,85.75,6206400,BND,-0.675284474532889
2021-11-26,72.96727752685547,85.2699966430664,85.31999969482422,85.04000091552734,85.08999633789062,4402500,BND,0.7086317315418977
2022-01-03,72.37870025634766,84.18000030517578,84.44000244140625,84.16999816894531,84.44000244140625,7244300,BND,-0.6725660115920018
2022-02-10,69.931884765625,81.19999694824219,81.69000244140625,81.19999694824219,81.62999725341797,8869700,BND,-0.9151922244410637
2022-02-28,70.55198669433594,81.91999816894531,81.94999694824219,81.63999938964844,81.66000366210938,6494400,BND,0.7378239994746183
2022-03-02,70.0508041381836,81.20999908447266,81.91000366210938,81.20999908447266,81.86000061035156,6491500,BND,-1.2284141586416664
2022-03-14,68.68794250488281,79.62999725341797,79.94000244140625,79.61000061035156,79.93000030517578,15449700,BND,-0.9207483736157207
2022-03-21,68.45500946044922,79.36000061035156,79.83000183105469,79.31999969482422,79.80000305175781,6831300,BND,-1.0226985429074409
2022-03-25,67.90298461914062,78.72000122070312,79.0999984741211,78.61000061035156,79.0999984741211,21372500,BND,-0.8813862558308405
2022-04-05,67.82167053222656,78.43000030517578,79.0199966430664,78.37999725341797,79.0,6956300,BND,-1.009722349945863
2022-04-14,66.63695526123047,77.05999755859375,77.5999984741211,77.01000213623047,77.55999755859375,7046100,BND,-0.6830761751667414
2022-04-29,65.8846206665039,76.19000244140625,76.5199966430664,76.16000366210938,76.27999877929688,7120400,BND,-0.6778733532427639
2022-05-02,65.54763793945312,75.66000366210938,75.83999633789062,75.58000183105469,75.81999969482422,10166700,BND,-0.6956277232101016
2022-05-05,65.46965026855469,75.56999969482422,75.87000274658203,75.26000213623047,75.87000274658203,10540000,BND,-0.9956794418957582
2022-05-24,66.42263793945312,76.66999816894531,76.77999877929688,76.31999969482422,76.31999969482422,6587100,BND,0.8152466697016969
2022-06-10,65.02335357666016,74.91000366210938,75.41999816894531,74.76000213623047,75.26000213623047,14690800,BND,-0.8471202697503344
2022-06-13,63.97306823730469,73.69999694824219,74.25,73.37000274658203,74.20999908447266,11255300,BND,-1.615280542936659
2022-06-15,64.35501861572266,74.13999938964844,74.19000244140625,73.5,73.8499984741211,9098600,BND,1.1459703996158144
2022-06-22,64.76296997070312,74.61000061035156,74.75,74.54000091552734,74.63999938964844,8407600,BND,0.8243251491237391
2022-07-21,65.97862243652344,75.86000061035156,75.9000015258789,75.43000030517578,75.43000030517578,6832900,BND,0.8240334452223275
2022-07-22,66.51786041259766,76.4800033569336,76.6500015258789,76.27999877929688,76.37000274658203,6617000,BND,0.8172986311542729
2022-07-28,66.93534088134766,76.95999908447266,77.06999969482422,76.80999755859375,76.95999908447266,5140200,BND,0.6934433824161479
2022-08-02,66.49360656738281,76.30000305175781,77.18000030517578,76.23999786376953,77.08999633789062,10808300,BND,-1.0119340435493118
2022-08-05,66.23217010498047,76.0,76.0999984741211,75.86000061035156,76.05000305175781,8946400,BND,-1.1317844614240125
2022-09-01,64.65928649902344,74.04000091552734,74.11000061035156,73.75,74.0199966430664,6160700,BND,-0.7506669839785762
2022-09-06,64.24008178710938,73.55999755859375,73.94999694824219,73.54000091552734,73.94000244140625,6869800,BND,-0.9026077974402469
2022-09-07,64.70294952392578,74.08999633789062,74.08999633789062,73.77999877929688,73.80000305175781,4208300,BND,0.7204986363338328
2022-09-22,63.05238723754883,72.19999694824219,72.48999786376953,72.11000061035156,72.4800033569336,5216100,BND,-1.0281014823511514
2022-09-26,62.07430267333984,71.08000183105469,71.80999755859375,71.05999755859375,71.7699966430664,8658900,BND,-1.2777752346462723
2022-09-28,62.76421737670898,71.87000274658203,71.9000015258789,71.29000091552734,71.43000030517578,11649700,BND,1.554339629353918
2022-10-19,61.13383483886719,69.8499984741211,70.08999633789062,69.77999877929688,69.98999786376953,6483600,BND,-0.8235153039067411
2022-10-20,60.72249221801758,69.37999725341797,69.8499984741211,69.33999633789062,69.70999908447266,6260900,BND,-0.6728721989553876
2022-10-25,61.31764221191406,70.05999755859375,70.20999908447266,69.91000366210938,69.94000244140625,7780900,BND,0.9510029080744831
2022-11-10,62.71449661254883,71.48999786376953,71.48999786376953,70.88999938964844,70.9000015258789,7014100,BND,2.0702411897323802
2022-11-15,62.95136260986328,71.76000213623047,71.7699966430664,71.54000091552734,71.66000366210938,11948800,BND,0.7016558869085143
2022-11-30,63.828651428222656,72.76000213623047,72.7699966430664,72.01000213623047,72.1500015258789,5479900,BND,0.7756304870618402
2022-12-05,64.1143798828125,72.91999816894531,73.16999816894531,72.83000183105469,73.16000366210938,7552900,BND,-0.7891181374893752
2022-12-07,64.88809204101562,73.80000305175781,73.83000183105469,73.44000244140625,73.4800033569336,7472500,BND,0.8747940918705899
2022-12-13,64.7650146484375,73.66000366210938,74.1500015258789,73.61000061035156,74.1500015258789,12563900,BND,0.6834335360468957
2022-12-27,63.42870330810547,71.97000122070312,72.2300033569336,71.95999908447266,72.12999725341797,6959600,BND,-0.772090952734994
2023-01-06,64.6448974609375,73.3499984741211,73.38999938964844,72.56999969482422,72.6500015258789,5627200,BND,1.1026814455025624
2023-01-12,65.41165924072266,74.22000122070312,74.22000122070312,73.61000061035156,73.87999725341797,5927600,BND,0.7739303231703687
2023-01-18,65.70248413085938,74.55000305175781,74.66000366210938,74.27999877929688,74.5999984741211,5112800,BND,0.9205364557905771
2023-02-03,65.29328155517578,73.91000366210938,74.0999984741211,73.79000091552734,74.0199966430664,5332900,BND,-0.8850691101191632
2023-02-21,63.5264778137207,71.91000366210938,72.1500015258789,71.88999938964844,72.08000183105469,16093200,BND,-0.8684825550961839
2023-03-01,63.29059982299805,71.4800033569336,71.83000183105469,71.44000244140625,71.68000030517578,4427800,BND,-0.8186434582890589
2023-03-03,63.64474487304688,71.87999725341797,71.87999725341797,71.52999877929688,71.68000030517578,4008600,BND,0.7710576310735906
2023-03-10,64.34425354003906,72.66999816894531,72.83000183105469,72.41000366210938,72.51000213623047,4779500,BND,1.1976056810889535
2023-03-13,64.85780334472656,73.25,73.81999969482422,73.04000091552734,73.33000183105469,7270500,BND,0.7981310660092333
2023-03-15,65.11457824707031,73.54000091552734,73.8499984741211,73.20999908447266,73.61000061035156,6677200,BND,1.0303613004077006
2023-03-17,65.27397155761719,73.72000122070312,73.91999816894531,73.48999786376953,73.48999786376953,4352700,BND,0.7241409504271878
2023-03-22,65.38909149169922,73.8499984741211,73.91999816894531,73.06999969482422,73.19999694824219,5220500,BND,0.8879802636310385
2023-03-27,64.99061584472656,73.4000015258789,73.7300033569336,73.4000015258789,73.5999984741211,5769800,BND,-1.0381510881428024
2023-04-10,65.63142395019531,73.94000244140625,74.05000305175781,73.80999755859375,74.02999877929688,4224300,BND,-0.6716818694270765
2023-05-01,65.07946014404297,73.13999938964844,73.66000366210938,73.05999755859375,73.5999984741211,4546500,BND,-1.26890175239196
2023-05-02,65.72012329101562,73.86000061035156,73.87000274658203,73.31999969482422,73.33000183105469,4825100,BND,0.9844151308606941
2023-06-29,64.6220474243164,72.44000244140625,72.51000213623047,72.31999969482422,72.4800033569336,5803000,BND,-0.7535216309908721
2023-07-12,64.8128662109375,72.47000122070312,72.5199966430664,72.2300033569336,72.27999877929688,6397500,BND,0.792767291693397
2023-07-27,64.4283218383789,72.04000091552734,72.56999969482422,71.97000122070312,72.5199966430664,5342600,BND,-0.853293029635982
2023-08-01,64.36732482910156,71.77999877929688,71.98999786376953,71.69999694824219,71.93000030517578,11078000,BND,-0.8837329547501716
2023-08-04,64.29560089111328,71.69999694824219,71.7300033569336,71.3499984741211,71.37000274658203,6925000,BND,0.8296953070265234
2023-08-23,63.9010124206543,71.26000213623047,71.2699966430664,70.97000122070312,70.9800033569336,5205800,BND,0.9062579506617485
2023-09-01,64.03108978271484,71.20999908447266,71.56999969482422,71.12999725341797,71.55000305175781,3940700,BND,-0.7526145164144182
2023-09-25,62.89810180664063,69.94999694824219,70.18000030517578,69.94000244140625,70.11000061035156,22744300,BND,-0.7379087036373799
2023-10-02,62.314266204833984,69.11000061035156,69.37000274658203,69.06999969482422,69.31999969482422,6719800,BND,-0.9601578971997538
2023-10-03,61.8093147277832,68.55000305175781,69.05999755859375,68.52999877929688,68.9800033569336,8099500,BND,-0.8102988766431451
2023-10-09,62.64788818359375,69.4800033569336,69.4800033569336,69.05999755859375,69.13999938964844,3561600,BND,1.017744387991204
2023-10-12,62.33229064941406,69.12999725341797,69.61000061035156,69.06999969482422,69.58999633789062,6144000,BND,-0.8604704928010909
2023-10-25,61.54783630371094,68.26000213623047,68.5199966430664,68.19999694824219,68.5,7392400,BND,-0.7560288634708812
2023-10-26,61.96261215209961,68.72000122070312,68.7300033569336,68.33999633789062,68.3499984741211,11426600,BND,0.6738925726292866
2023-11-09,62.8973274230957,69.55000305175781,70.04000091552734,69.5199966430664,70.0,6979700,BND,-0.7421102402328295
2023-11-14,63.76548385620117,70.51000213623047,70.56999969482422,70.4000015258789,70.48999786376953,8237100,BND,1.220210205908212
2023-12-13,66.16732025146484,72.95999908447266,73.01000213623047,72.16999816894531,72.20999908447266,7172600,BND,1.2770657374422845
2023-12-14,66.6661148071289,73.51000213623047,73.62999725341797,73.30000305175781,73.36000061035156,9105500,BND,0.7538419115397987
2024-01-16,66.33932495117188,72.94000244140625,73.2699966430664,72.8499984741211,73.20999908447266,5724700,BND,-0.7078636666853932
2024-02-02,66.58613586425781,73.0,73.13999938964844,72.87000274658203,73.02999877929688,7820000,BND,-0.8960136156616616
2024-02-05,66.0571060180664,72.41999816894531,72.61000061035156,72.3499984741211,72.58000183105469,7577100,BND,-0.7945230562392935
2024-02-13,65.455078125,71.76000213623047,72.0,71.73999786376953,71.9800033569336,12938800,BND,-0.8702821642903036
2024-04-01,65.98126220703125,71.91999816894531,72.19000244140625,71.86000061035156,72.1500015258789,6157500,BND,-0.9775562595649712
2024-04-10,65.17393493652344,71.04000091552734,71.4000015258789,71.01000213623047,71.37999725341797,8196500,BND,-1.1686093071611503
2024-06-07,66.19998168945312,71.72000122070312,71.83000183105469,71.70999908447266,71.83000183105469,3826500,BND,-0.802215500100989
2024-07-01,66.1536865234375,71.44999694824219,71.76000213623047,71.4000015258789,71.58000183105469,4960000,BND,-0.8327634671779327
2024-08-02,69.10481262207031,74.41000366210938,74.44000244140625,74.0,74.12999725341797,6476300,BND,1.14177514036915
2024-10-21,68.52035522460938,73.33999633789062,73.6500015258789,73.31999969482422,73.6500015258789,5259900,BND,-0.6771397952296865
2024-11-01,67.9851303100586,72.54000091552734,73.08000183105469,72.51000213623047,73.04000091552734,6409800,BND,-0.6981548458925069
2024-11-06,67.8633041381836,72.41000366210938,72.58999633789062,72.2300033569336,72.26000213623047,6382500,BND,-0.8218031181557173
2024-11-07,68.36935424804688,72.94999694824219,73.02999877929688,72.5,72.5,6590200,BND,0.7457440392526493
2024-11-25,68.659912109375,73.26000213623047,73.2699966430664,73.01000213623047,73.01000213623047,10207100,BND,0.9230001820376366
2024-12-18,67.86271667480469,72.19000244140625,72.81999969482422,72.18000030517578,72.76000213623047,7962700,BND,-0.7833970287095315
2025-01-15,67.70584869384766,71.79000091552734,71.87999725341797,71.5999984741211,71.5999984741211,5867900,BND,0.8003365417782682
2025-04-07,69.43783569335938,72.93000030517578,73.69000244140625,72.8499984741211,73.6500015258789,14283000,BND,-1.2056345073526709
2025-04-10,68.6475601196289,72.0999984741211,72.61000061035156,72.05999755859375,72.41999816894531,8058500,BND,-0.7980212281498589
2025-12-01,72.5564956665039,74.25,74.30000305175781,74.20999908447266,74.2699966430664,6891500,BND,-0.7087440330951211
